[
  {
    "country_code": "AL",
    "country_name": "Albania",
    "country_flag": "🇦🇱",
    "first_language": {
      "code": "en-GB",
      "name": "English (United Kingdom)"
    },
    "second_languages": []
  },
  {
    "country_code": "AR",
    "country_name": "Argentina",
    "country_flag": "🇦🇷",
    "first_language": {
      "code": "es-MX",
      "name": "Spanish (Mexico)"
    },
    "second_languages": [
      {
        "code": "en-GB",
        "name": "English (United Kingdom)"
      }
    ]
  },
  {
    "country_code": "AM",
    "country_name": "Armenia",
    "country_flag": "🇦🇲",
    "first_language": {
      "code": "en-GB",
      "name": "English (United Kingdom)"
    },
    "second_languages": []
  },
  {
    "country_code": "AU",
    "country_name": "Australia",
    "country_flag": "🇦🇺",
    "first_language": {
      "code": "en-AU",
      "name": "English (Australia)"
    },
    "second_languages": [
      {
        "code": "en-GB",
        "name": "English (United Kingdom)"
      }
    ]
  },
  {
    "country_code": "AT",
    "country_name": "Austria",
    "country_flag": "🇦🇹",
    "first_language": {
      "code": "de",
      "name": "German"
    },
    "second_languages": [
      {
        "code": "en-GB",
        "name": "English (United Kingdom)"
      }
    ]
  },
  {
    "country_code": "AZ",
    "country_name": "Azerbaijan",
    "country_flag": "🇦🇿",
    "first_language": {
      "code": "en-GB",
      "name": "English (United Kingdom)"
    },
    "second_languages": []
  },
  {
    "country_code": "BE",
    "country_name": "Belgium",
    "country_flag": "🇧🇪",
    "first_language": {
      "code": "en-GB",
      "name": "English (United Kingdom)"
    },
    "second_languages": [
      {
        "code": "nl",
        "name": "Dutch"
      },
      {
        "code": "fr",
        "name": "French"
      }
    ]
  },
  {
    "country_code": "BO",
    "country_name": "Bolivia",
    "country_flag": "🇧🇴",
    "first_language": {
      "code": "es-MX",
      "name": "Spanish (Mexico)"
    },
    "second_languages": [
      {
        "code": "en-GB",
        "name": "English (United Kingdom)"
      }
    ]
  },
  {
    "country_code": "BR",
    "country_name": "Brazil",
    "country_flag": "🇧🇷",
    "first_language": {
      "code": "pt-BR",
      "name": "Portuguese (Brazil)"
    },
    "second_languages": [
      {
        "code": "en-GB",
        "name": "English (United Kingdom)"
      }
    ]
  },
  {
    "country_code": "BG",
    "country_name": "Bulgaria",
    "country_flag": "🇧🇬",
    "first_language": {
      "code": "en-GB",
      "name": "English (United Kingdom)"
    },
    "second_languages": []
  },
  {
    "country_code": "BH",
    "country_name": "Bahrain",
    "country_flag": "🇧🇭",
    "first_language": {
      "code": "en-GB",
      "name": "English (United Kingdom)"
    },
    "second_languages": [
      {
        "code": "ar",
        "name": "Arabic"
      }
    ]
  },
  {
    "country_code": "CR",
    "country_name": "Costa Rica",
    "country_flag": "🇨🇷",
    "first_language": {
      "code": "es-MX",
      "name": "Spanish (Mexico)"
    },
    "second_languages": [
      {
        "code": "en-GB",
        "name": "English (United Kingdom)"
      }
    ]
  },
  {
    "country_code": "KH",
    "country_name": "Cambodia",
    "country_flag": "🇰🇭",
    "first_language": {
      "code": "en-GB",
      "name": "English (United Kingdom)"
    },
    "second_languages": [
      {
        "code": "fr",
        "name": "French"
      }
    ]
  },
  {
    "country_code": "CA",
    "country_name": "Canada",
    "country_flag": "🇨🇦",
    "first_language": {
      "code": "en-CA",
      "name": "English (Canada)"
    },
    "second_languages": [
      {
        "code": "fr-CA",
        "name": "French (Canada)"
      }
    ]
  },
  {
    "country_code": "CL",
    "country_name": "Chile",
    "country_flag": "🇨🇱",
    "first_language": {
      "code": "es-MX",
      "name": "Spanish (Mexico)"
    },
    "second_languages": [
      {
        "code": "en-GB",
        "name": "English (United Kingdom)"
      }
    ]
  },
  {
    "country_code": "CN",
    "country_name": "China",
    "country_flag": "🇨🇳",
    "first_language": {
      "code": "zh-Hans",
      "name": "Chinese (Simplified)"
    },
    "second_languages": [
      {
        "code": "en-GB",
        "name": "English (United Kingdom)"
      }
    ]
  },
  {
    "country_code": "CY",
    "country_name": "Cyprus",
    "country_flag": "🇨🇾",
    "first_language": {
      "code": "en-GB",
      "name": "English (United Kingdom)"
    },
    "second_languages": [
      {
        "code": "el",
        "name": "Greek"
      },
      {
        "code": "tr",
        "name": "Turkish"
      }
    ]
  },
  {
    "country_code": "CO",
    "country_name": "Colombia",
    "country_flag": "🇨🇴",
    "first_language": {
      "code": "es-MX",
      "name": "Spanish (Mexico)"
    },
    "second_languages": [
      {
        "code": "en-GB",
        "name": "English (United Kingdom)"
      }
    ]
  },
  {
    "country_code": "HR",
    "country_name": "Croatia",
    "country_flag": "🇭🇷",
    "first_language": {
      "code": "en-GB",
      "name": "English (United Kingdom)"
    },
    "second_languages": [
      {
        "code": "hr",
        "name": "Croatian"
      }
    ]
  },
  {
    "country_code": "CZ",
    "country_name": "Czech Republic",
    "country_flag": "🇨🇿",
    "first_language": {
      "code": "en-GB",
      "name": "English (United Kingdom)"
    },
    "second_languages": [
      {
        "code": "cs",
        "name": "Czech"
      }
    ]
  },
  {
    "country_code": "DK",
    "country_name": "Denmark",
    "country_flag": "🇩🇰",
    "first_language": {
      "code": "en-GB",
      "name": "English (United Kingdom)"
    },
    "second_languages": [
      {
        "code": "da",
        "name": "Danish"
      }
    ]
  },
  {
    "country_code": "DO",
    "country_name": "Dominican Republic",
    "country_flag": "🇩🇴",
    "first_language": {
      "code": "es-MX",
      "name": "Spanish (Mexico)"
    },
    "second_languages": [
      {
        "code": "en-GB",
        "name": "English (United Kingdom)"
      }
    ]
  },
  {
    "country_code": "DZ",
    "country_name": "Algeria",
    "country_flag": "🇩🇿",
    "first_language": {
      "code": "en-GB",
      "name": "English (United Kingdom)"
    },
    "second_languages": [
      {
        "code": "ar",
        "name": "Arabic"
      },
      {
        "code": "fr",
        "name": "French"
      }
    ]
  },
  {
    "country_code": "EC",
    "country_name": "Ecuador",
    "country_flag": "🇪🇨",
    "first_language": {
      "code": "es-MX",
      "name": "Spanish (Mexico)"
    },
    "second_languages": [
      {
        "code": "en-GB",
        "name": "English (United Kingdom)"
      }
    ]
  },
  {
    "country_code": "EE",
    "country_name": "Estonia",
    "country_flag": "🇪🇪",
    "first_language": {
      "code": "en-GB",
      "name": "English (United Kingdom)"
    },
    "second_languages": []
  },
  {
    "country_code": "EG",
    "country_name": "Egypt",
    "country_flag": "🇪🇬",
    "first_language": {
      "code": "en-GB",
      "name": "English (United Kingdom)"
    },
    "second_languages": [
      {
        "code": "ar",
        "name": "Arabic"
      },
      {
        "code": "fr",
        "name": "French"
      }
    ]
  },
  {
    "country_code": "SV",
    "country_name": "El Salvador",
    "country_flag": "🇸🇻",
    "first_language": {
      "code": "es-MX",
      "name": "Spanish (Mexico)"
    },
    "second_languages": [
      {
        "code": "en-GB",
        "name": "English (United Kingdom)"
      }
    ]
  },
  {
    "country_code": "FI",
    "country_name": "Finland",
    "country_flag": "🇫🇮",
    "first_language": {
      "code": "en-GB",
      "name": "English (United Kingdom)"
    },
    "second_languages": [
      {
        "code": "fi",
        "name": "Finnish"
      }
    ]
  },
  {
    "country_code": "FR",
    "country_name": "France",
    "country_flag": "🇫🇷",
    "first_language": {
      "code": "fr",
      "name": "French"
    },
    "second_languages": [
      {
        "code": "en-GB",
        "name": "English (United Kingdom)"
      }
    ]
  },
  {
    "country_code": "GH",
    "country_name": "Ghana",
    "country_flag": "🇬🇭",
    "first_language": {
      "code": "en-GB",
      "name": "English (United Kingdom)"
    },
    "second_languages": []
  },
  {
    "country_code": "DE",
    "country_name": "Germany",
    "country_flag": "🇩🇪",
    "first_language": {
      "code": "de",
      "name": "German"
    },
    "second_languages": [
      {
        "code": "en-GB",
        "name": "English (United Kingdom)"
      }
    ]
  },
  {
    "country_code": "GR",
    "country_name": "Greece",
    "country_flag": "🇬🇷",
    "first_language": {
      "code": "en-GB",
      "name": "English (United Kingdom)"
    },
    "second_languages": [
      {
        "code": "el",
        "name": "Greek"
      }
    ]
  },
  {
    "country_code": "GT",
    "country_name": "Guatemala",
    "country_flag": "🇬🇹",
    "first_language": {
      "code": "es-MX",
      "name": "Spanish (Mexico)"
    },
    "second_languages": [
      {
        "code": "en-GB",
        "name": "English (United Kingdom)"
      }
    ]
  },
  {
    "country_code": "HK",
    "country_name": "Hong Kong",
    "country_flag": "🇭🇰",
    "first_language": {
      "code": "zh-Hant",
      "name": "Chinese (Traditional)"
    },
    "second_languages": [
      {
        "code": "en-GB",
        "name": "English (United Kingdom)"
      }
    ]
  },
  {
    "country_code": "HU",
    "country_name": "Hungary",
    "country_flag": "🇭🇺",
    "first_language": {
      "code": "en-GB",
      "name": "English (United Kingdom)"
    },
    "second_languages": [
      {
        "code": "hu",
        "name": "Hungarian"
      }
    ]
  },
  {
    "country_code": "HN",
    "country_name": "Honduras",
    "country_flag": "🇭🇳",
    "first_language": {
      "code": "es-MX",
      "name": "Spanish (Mexico)"
    },
    "second_languages": [
      {
        "code": "en-GB",
        "name": "English (United Kingdom)"
      }
    ]
  },
  {
    "country_code": "IN",
    "country_name": "India",
    "country_flag": "🇮🇳",
    "first_language": {
      "code": "en-GB",
      "name": "English (United Kingdom)"
    },
    "second_languages": [
      {
        "code": "hi",
        "name": "Hindi"
      }
    ]
  },
  {
    "country_code": "ID",
    "country_name": "Indonesia",
    "country_flag": "🇮🇩",
    "first_language": {
      "code": "en-GB",
      "name": "English (United Kingdom)"
    },
    "second_languages": [
      {
        "code": "id",
        "name": "Indonesian"
      }
    ]
  },
  {
    "country_code": "IE",
    "country_name": "Ireland",
    "country_flag": "🇮🇪",
    "first_language": {
      "code": "en-GB",
      "name": "English (United Kingdom)"
    },
    "second_languages": []
  },
  {
    "country_code": "IL",
    "country_name": "Israel",
    "country_flag": "🇮🇱",
    "first_language": {
      "code": "en-GB",
      "name": "English (United Kingdom)"
    },
    "second_languages": [
      {
        "code": "he",
        "name": "Hebrew"
      }
    ]
  },
  {
    "country_code": "IT",
    "country_name": "Italy",
    "country_flag": "🇮🇹",
    "first_language": {
      "code": "it",
      "name": "Italian"
    },
    "second_languages": [
      {
        "code": "en-GB",
        "name": "English (United Kingdom)"
      }
    ]
  },
  {
    "country_code": "IQ",
    "country_name": "Iraq",
    "country_flag": "🇮🇶",
    "first_language": {
      "code": "en-GB",
      "name": "English (United Kingdom)"
    },
    "second_languages": [
      {
        "code": "ar",
        "name": "Arabic"
      }
    ]
  },
  {
    "country_code": "IS",
    "country_name": "Iceland",
    "country_flag": "🇮🇸",
    "first_language": {
      "code": "en-GB",
      "name": "English (United Kingdom)"
    },
    "second_languages": []
  },
  {
    "country_code": "LV",
    "country_name": "Latvia",
    "country_flag": "🇱🇻",
    "first_language": {
      "code": "en-GB",
      "name": "English (United Kingdom)"
    },
    "second_languages": []
  },
  {
    "country_code": "LU",
    "country_name": "Luxembourg",
    "country_flag": "🇱🇺",
    "first_language": {
      "code": "en-GB",
      "name": "English (United Kingdom)"
    },
    "second_languages": [
      {
        "code": "fr",
        "name": "French"
      },
      {
        "code": "de",
        "name": "German"
      }
    ]
  },
  {
    "country_code": "JP",
    "country_name": "Japan",
    "country_flag": "🇯🇵",
    "first_language": {
      "code": "ja",
      "name": "Japanese"
    },
    "second_languages": [
      {
        "code": "en-US",
        "name": "English (United States)"
      }
    ]
  },
  {
    "country_code": "JO",
    "country_name": "Jordan",
    "country_flag": "🇯🇴",
    "first_language": {
      "code": "en-GB",
      "name": "English (United Kingdom)"
    },
    "second_languages": [
      {
        "code": "ar",
        "name": "Arabic"
      }
    ]
  },
  {
    "country_code": "KE",
    "country_name": "Kenya",
    "country_flag": "🇰🇪",
    "first_language": {
      "code": "en-GB",
      "name": "English (United Kingdom)"
    },
    "second_languages": []
  },
  {
    "country_code": "KZ",
    "country_name": "Kazakhstan",
    "country_flag": "🇰🇿",
    "first_language": {
      "code": "en-GB",
      "name": "English (United Kingdom)"
    },
    "second_languages": []
  },
  {
    "country_code": "KW",
    "country_name": "Kuwait",
    "country_flag": "🇰🇼",
    "first_language": {
      "code": "en-GB",
      "name": "English (United Kingdom)"
    },
    "second_languages": [
      {
        "code": "ar",
        "name": "Arabic"
      }
    ]
  },
  {
    "country_code": "LB",
    "country_name": "Lebanon",
    "country_flag": "🇱🇧",
    "first_language": {
      "code": "en-GB",
      "name": "English (United Kingdom)"
    },
    "second_languages": [
      {
        "code": "ar",
        "name": "Arabic"
      },
      {
        "code": "fr",
        "name": "French"
      }
    ]
  },
  {
    "country_code": "MO",
    "country_name": "Macao",
    "country_flag": "🇲🇴",
    "first_language": {
      "code": "zh-Hant",
      "name": "Chinese (Traditional)"
    },
    "second_languages": [
      {
        "code": "en-GB",
        "name": "English (United Kingdom)"
      }
    ]
  },
  {
    "country_code": "MY",
    "country_name": "Malaysia",
    "country_flag": "🇲🇾",
    "first_language": {
      "code": "en-GB",
      "name": "English (United Kingdom)"
    },
    "second_languages": [
      {
        "code": "ms",
        "name": "Malay"
      }
    ]
  },
  {
    "country_code": "MA",
    "country_name": "Morocco",
    "country_flag": "🇲🇦",
    "first_language": {
      "code": "en-GB",
      "name": "English (United Kingdom)"
    },
    "second_languages": [
      {
        "code": "ar",
        "name": "Arabic"
      },
      {
        "code": "fr",
        "name": "French"
      }
    ]
  },
  {
    "country_code": "MX",
    "country_name": "Mexico",
    "country_flag": "🇲🇽",
    "first_language": {
      "code": "es-MX",
      "name": "Spanish (Mexico)"
    },
    "second_languages": [
      {
        "code": "en-GB",
        "name": "English (United Kingdom)"
      }
    ]
  },
  {
    "country_code": "MN",
    "country_name": "Mongolia",
    "country_flag": "🇲🇳",
    "first_language": {
      "code": "en-GB",
      "name": "English (United Kingdom)"
    },
    "second_languages": []
  },
  {
    "country_code": "NL",
    "country_name": "Netherlands",
    "country_flag": "🇳🇱",
    "first_language": {
      "code": "nl",
      "name": "Dutch"
    },
    "second_languages": [
      {
        "code": "en-GB",
        "name": "English (United Kingdom)"
      }
    ]
  },
  {
    "country_code": "NP",
    "country_name": "Nepal",
    "country_flag": "🇳🇵",
    "first_language": {
      "code": "en-GB",
      "name": "English (United Kingdom)"
    },
    "second_languages": []
  },
  {
    "country_code": "NZ",
    "country_name": "New Zealand",
    "country_flag": "🇳🇿",
    "first_language": {
      "code": "en-AU",
      "name": "English (Australia)"
    },
    "second_languages": [
      {
        "code": "en-GB",
        "name": "English (United Kingdom)"
      }
    ]
  },
  {
    "country_code": "NO",
    "country_name": "Norway",
    "country_flag": "🇳🇴",
    "first_language": {
      "code": "en-GB",
      "name": "English (United Kingdom)"
    },
    "second_languages": [
      {
        "code": "no",
        "name": "Norwegian"
      }
    ]
  },
  {
    "country_code": "OM",
    "country_name": "Oman",
    "country_flag": "🇴🇲",
    "first_language": {
      "code": "en-GB",
      "name": "English (United Kingdom)"
    },
    "second_languages": [
      {
        "code": "ar",
        "name": "Arabic"
      }
    ]
  },
  {
    "country_code": "PA",
    "country_name": "Panama",
    "country_flag": "🇵🇦",
    "first_language": {
      "code": "es-MX",
      "name": "Spanish (Mexico)"
    },
    "second_languages": [
      {
        "code": "en-GB",
        "name": "English (United Kingdom)"
      }
    ]
  },
  {
    "country_code": "PY",
    "country_name": "Paraguay",
    "country_flag": "🇵🇾",
    "first_language": {
      "code": "es-MX",
      "name": "Spanish (Mexico)"
    },
    "second_languages": [
      {
        "code": "en-GB",
        "name": "English (United Kingdom)"
      }
    ]
  },
  {
    "country_code": "PK",
    "country_name": "Pakistan",
    "country_flag": "🇵🇰",
    "first_language": {
      "code": "en-GB",
      "name": "English (United Kingdom)"
    },
    "second_languages": []
  },
  {
    "country_code": "PE",
    "country_name": "Peru",
    "country_flag": "🇵🇪",
    "first_language": {
      "code": "es-MX",
      "name": "Spanish (Mexico)"
    },
    "second_languages": [
      {
        "code": "en-GB",
        "name": "English (United Kingdom)"
      }
    ]
  },
  {
    "country_code": "PH",
    "country_name": "Philippines",
    "country_flag": "🇵🇭",
    "first_language": {
      "code": "en-GB",
      "name": "English (United Kingdom)"
    },
    "second_languages": []
  },
  {
    "country_code": "PL",
    "country_name": "Poland",
    "country_flag": "🇵🇱",
    "first_language": {
      "code": "en-GB",
      "name": "English (United Kingdom)"
    },
    "second_languages": [
      {
        "code": "pl",
        "name": "Polish"
      }
    ]
  },
  {
    "country_code": "PT",
    "country_name": "Portugal",
    "country_flag": "🇵🇹",
    "first_language": {
      "code": "pt-PT",
      "name": "Portuguese (Portugal)"
    },
    "second_languages": [
      {
        "code": "en-GB",
        "name": "English (United Kingdom)"
      }
    ]
  },
  {
    "country_code": "QA",
    "country_name": "Qatar",
    "country_flag": "🇶🇦",
    "first_language": {
      "code": "en-GB",
      "name": "English (United Kingdom)"
    },
    "second_languages": [
      {
        "code": "ar",
        "name": "Arabic"
      }
    ]
  },
  {
    "country_code": "RO",
    "country_name": "Romania",
    "country_flag": "🇷🇴",
    "first_language": {
      "code": "en-GB",
      "name": "English (United Kingdom)"
    },
    "second_languages": [
      {
        "code": "ro",
        "name": "Romanian"
      }
    ]
  },
  {
    "country_code": "RU",
    "country_name": "Russia",
    "country_flag": "🇷🇺",
    "first_language": {
      "code": "ru",
      "name": "Russian"
    },
    "second_languages": [
      {
        "code": "en-GB",
        "name": "English (United Kingdom)"
      },
      {
        "code": "uk",
        "name": "Ukrainian"
      }
    ]
  },
  {
    "country_code": "SA",
    "country_name": "Saudi Arabia",
    "country_flag": "🇸🇦",
    "first_language": {
      "code": "en-GB",
      "name": "English (United Kingdom)"
    },
    "second_languages": [
      {
        "code": "ar",
        "name": "Arabic"
      }
    ]
  },
  {
    "country_code": "SG",
    "country_name": "Singapore",
    "country_flag": "🇸🇬",
    "first_language": {
      "code": "en-GB",
      "name": "English (United Kingdom)"
    },
    "second_languages": [
      {
        "code": "zh-Hans",
        "name": "Chinese (Simplified)"
      }
    ]
  },
  {
    "country_code": "KG",
    "country_name": "Kyrgyzstan",
    "country_flag": "🇰🇬",
    "first_language": {
      "code": "en-GB",
      "name": "English (United Kingdom)"
    },
    "second_languages": []
  },
  {
    "country_code": "SK",
    "country_name": "Slovakia",
    "country_flag": "🇸🇰",
    "first_language": {
      "code": "en-GB",
      "name": "English (United Kingdom)"
    },
    "second_languages": [
      {
        "code": "sk",
        "name": "Slovak"
      }
    ]
  },
  {
    "country_code": "ZA",
    "country_name": "South Africa",
    "country_flag": "🇿🇦",
    "first_language": {
      "code": "en-GB",
      "name": "English (United Kingdom)"
    },
    "second_languages": []
  },
  {
    "country_code": "KR",
    "country_name": "South Korea",
    "country_flag": "🇰🇷",
    "first_language": {
      "code": "ko",
      "name": "Korean"
    },
    "second_languages": [
      {
        "code": "en-GB",
        "name": "English (United Kingdom)"
      }
    ]
  },
  {
    "country_code": "ES",
    "country_name": "Spain",
    "country_flag": "🇪🇸",
    "first_language": {
      "code": "es-ES",
      "name": "Spanish (Spain)"
    },
    "second_languages": [
      {
        "code": "ca",
        "name": "Catalan"
      },
      {
        "code": "en-GB",
        "name": "English (United Kingdom)"
      }
    ]
  },
  {
    "country_code": "SE",
    "country_name": "Sweden",
    "country_flag": "🇸🇪",
    "first_language": {
      "code": "sv",
      "name": "Swedish"
    },
    "second_languages": [
      {
        "code": "en-GB",
        "name": "English (United Kingdom)"
      }
    ]
  },
  {
    "country_code": "SI",
    "country_name": "Slovenia",
    "country_flag": "🇸🇮",
    "first_language": {
      "code": "en-GB",
      "name": "English (United Kingdom)"
    },
    "second_languages": []
  },
  {
    "country_code": "CH",
    "country_name": "Switzerland",
    "country_flag": "🇨🇭",
    "first_language": {
      "code": "de",
      "name": "German"
    },
    "second_languages": [
      {
        "code": "en-GB",
        "name": "English (United Kingdom)"
      },
      {
        "code": "fr",
        "name": "French"
      },
      {
        "code": "it",
        "name": "Italian"
      }
    ]
  },
  {
    "country_code": "LK",
    "country_name": "Sri Lanka",
    "country_flag": "🇱🇰",
    "first_language": {
      "code": "en-GB",
      "name": "English (United Kingdom)"
    },
    "second_languages": []
  },
  {
    "country_code": "TW",
    "country_name": "Taiwan",
    "country_flag": "🇹🇼",
    "first_language": {
      "code": "zh-Hant",
      "name": "Chinese (Traditional)"
    },
    "second_languages": [
      {
        "code": "en-GB",
        "name": "English (United Kingdom)"
      }
    ]
  },
  {
    "country_code": "TH",
    "country_name": "Thailand",
    "country_flag": "🇹🇭",
    "first_language": {
      "code": "en-GB",
      "name": "English (United Kingdom)"
    },
    "second_languages": [
      {
        "code": "th",
        "name": "Thai"
      }
    ]
  },
  {
    "country_code": "TR",
    "country_name": "Turkey",
    "country_flag": "🇹🇷",
    "first_language": {
      "code": "en-GB",
      "name": "English (United Kingdom)"
    },
    "second_languages": [
      {
        "code": "tr",
        "name": "Turkish"
      }
    ]
  },
  {
    "country_code": "GB",
    "country_name": "United Kingdom",
    "country_flag": "🇬🇧",
    "first_language": {
      "code": "en-GB",
      "name": "English (United Kingdom)"
    },
    "second_languages": []
  },
  {
    "country_code": "UA",
    "country_name": "Ukraine",
    "country_flag": "🇺🇦",
    "first_language": {
      "code": "en-GB",
      "name": "English (United Kingdom)"
    },
    "second_languages": [
      {
        "code": "ru",
        "name": "Russian"
      },
      {
        "code": "uk",
        "name": "Ukrainian"
      }
    ]
  },
  {
    "country_code": "AE",
    "country_name": "United Arab Emirates",
    "country_flag": "🇦🇪",
    "first_language": {
      "code": "en-GB",
      "name": "English (United Kingdom)"
    },
    "second_languages": [
      {
        "code": "ar",
        "name": "Arabic"
      }
    ]
  },
  {
    "country_code": "US",
    "country_name": "United States",
    "country_flag": "🇺🇸",
    "first_language": {
      "code": "en-US",
      "name": "English (United States)"
    },
    "second_languages": [
      {
        "code": "ar",
        "name": "Arabic"
      },
      {
        "code": "zh-Hans",
        "name": "Chinese (Simplified)"
      },
      {
        "code": "zh-Hant",
        "name": "Chinese (Traditional)"
      },
      {
        "code": "fr",
        "name": "French"
      },
      {
        "code": "ko",
        "name": "Korean"
      },
      {
        "code": "pt-BR",
        "name": "Portuguese (Brazil)"
      },
      {
        "code": "ru",
        "name": "Russian"
      },
      {
        "code": "es-MX",
        "name": "Spanish (Mexico)"
      },
      {
        "code": "vi",
        "name": "Vietnamese"
      }
    ]
  },
  {
    "country_code": "UZ",
    "country_name": "Uzbekistan",
    "country_flag": "🇺🇿",
    "first_language": {
      "code": "en-GB",
      "name": "English (United Kingdom)"
    },
    "second_languages": []
  },
  {
    "country_code": "VN",
    "country_name": "Vietnam",
    "country_flag": "🇻🇳",
    "first_language": {
      "code": "en-GB",
      "name": "English (United Kingdom)"
    },
    "second_languages": [
      {
        "code": "vi",
        "name": "Vietnamese"
      }
    ]
  }
]
